df1,df2,match
fm_17907,tm_10390,False
fm_10202,tm_2594,True
fm_6838,tm_9020,False
fm_5561,tm_1723,False
fm_9470,tm_7815,True
fm_16306,tm_8465,True
fm_1900,tm_7925,True
fm_16052,tm_8108,False
fm_4208,tm_3998,False
fm_1928,tm_7242,True
fm_6903,tm_9046,True
fm_8330,tm_8307,False
fm_17560,tm_2364,False
fm_4980,tm_5286,False
fm_13205,tm_6275,False
fm_14775,tm_6581,False
fm_7149,tm_6176,False
fm_16518,tm_2302,False
fm_9899,tm_4874,False
fm_10185,tm_4979,False
fm_16071,tm_1667,False
fm_16486,tm_5541,False
fm_13561,tm_4043,False
fm_1123,tm_1309,True
fm_6859,tm_9102,True
fm_10152,tm_4314,False
fm_7323,tm_6221,False
fm_17757,tm_1729,False
fm_18364,tm_6935,False
fm_16755,tm_5686,True
fm_7808,tm_6372,False
fm_11318,tm_7101,True
fm_4978,tm_8582,False
fm_1217,tm_1157,True
fm_7177,tm_8664,True
fm_13852,tm_5950,False
fm_3025,tm_4204,True
fm_16529,tm_1834,False
fm_17676,tm_8484,False
fm_18237,tm_4782,False
fm_1346,tm_1045,True
fm_17602,tm_9353,False
fm_13085,tm_3871,False
fm_9642,tm_4435,True
fm_12034,tm_10002,True
fm_9165,tm_5540,False
fm_4594,tm_10781,False
fm_7920,tm_7972,False
fm_4698,tm_7184,False
fm_15902,tm_6981,False
fm_16352,tm_8246,False
fm_10656,tm_3116,False
fm_8918,tm_2023,False
fm_16746,tm_2703,False
fm_16117,tm_3717,False
fm_5351,tm_3444,False
fm_14587,tm_6830,False
fm_7958,tm_6391,False
fm_17255,tm_9964,False
fm_9077,tm_7190,False
fm_2710,tm_3318,False
fm_8838,tm_1905,False
fm_12550,tm_10390,False
fm_15209,tm_1644,False
fm_11735,tm_7434,False
fm_10015,tm_4624,False
fm_2411,tm_10002,False
fm_18024,tm_5478,False
fm_5602,tm_4505,False
fm_3267,tm_2656,False
fm_9570,tm_4464,False
fm_14020,tm_10099,False
fm_6743,tm_9115,True
fm_13324,tm_9784,False
fm_15206,tm_2165,False
fm_8293,tm_5021,False
fm_3622,tm_3378,False
fm_1101,tm_2158,True
fm_10545,tm_2996,False
fm_7311,tm_3863,False
fm_11041,tm_10816,False
fm_5560,tm_1895,False
fm_9692,tm_8853,False
fm_18222,tm_10145,False
fm_3641,tm_3577,False
fm_18063,tm_4166,False
fm_3127,tm_2010,False
fm_1476,tm_6307,False
fm_17321,tm_8404,False
fm_5328,tm_7149,False
fm_9897,tm_6669,False
fm_14800,tm_6543,True
fm_17308,tm_4651,False
fm_13453,tm_4332,False
fm_5168,tm_2417,False
fm_7879,tm_8709,False
fm_5510,tm_10187,False
fm_10161,tm_3445,True
fm_4668,tm_10290,False
fm_10843,tm_2849,False
fm_12289,tm_9750,False
fm_1247,tm_8619,True
fm_13523,tm_9912,False
fm_4584,tm_4343,False
fm_7572,tm_6457,False
fm_15542,tm_9264,False
fm_1450,tm_1588,False
fm_2493,tm_5853,False
fm_6549,tm_6324,True
fm_13025,tm_7355,False
fm_7601,tm_8921,False
fm_3238,tm_1765,True
fm_6046,tm_6045,True
fm_17583,tm_6418,False
fm_17735,tm_7775,False
fm_1856,tm_7236,False
fm_8412,tm_9127,False
fm_5665,tm_2750,False
fm_3334,tm_9963,False
fm_9284,tm_6284,False
fm_9969,tm_4838,False
fm_10425,tm_3161,False
fm_1828,tm_7663,True
fm_1290,tm_1371,False
fm_5794,tm_1762,False
fm_7334,tm_6051,False
fm_5963,tm_4263,False
fm_3445,tm_3808,True
fm_8364,tm_6202,False
fm_14133,tm_10125,False
fm_14741,tm_9207,True
fm_9493,tm_4819,False
fm_17621,tm_10721,False
fm_17348,tm_10305,False
fm_9606,tm_5215,False
fm_5536,tm_8090,False
fm_4919,tm_7870,False
fm_17488,tm_5939,False
fm_4646,tm_8883,False
fm_5715,tm_1923,False
fm_17724,tm_7927,False
fm_3250,tm_1721,True
fm_14136,tm_6562,True
fm_6165,tm_6449,True
fm_6168,tm_6113,False
fm_12831,tm_9897,False
fm_14516,tm_9640,False
fm_5614,tm_7876,False
fm_6422,tm_8685,False
fm_9527,tm_4794,True
fm_9607,tm_5168,False
fm_17322,tm_5846,False
fm_14795,tm_1341,False
fm_2027,tm_5740,False
fm_13847,tm_9977,False
fm_5981,tm_3667,False
fm_17098,tm_9521,False
fm_12852,tm_2385,False
fm_8958,tm_2194,False
fm_7436,tm_8845,False
fm_2042,tm_4465,False
fm_6412,tm_6306,False
fm_4910,tm_4344,False
fm_15934,tm_6776,True
fm_10051,tm_4532,False
fm_10034,tm_5313,False
fm_15553,tm_8080,False
fm_13514,tm_4013,False
fm_4298,tm_8150,False
fm_16639,tm_2213,False
fm_2981,tm_5081,False
fm_10392,tm_3254,False
fm_4058,tm_5164,False
fm_11009,tm_3122,False
fm_11764,tm_1031,False
fm_7421,tm_2005,False
fm_10919,tm_2955,False
fm_7994,tm_7503,False
fm_4887,tm_4832,False
fm_13998,tm_1451,False
fm_11154,tm_5487,False
fm_13319,tm_3898,False
fm_1059,tm_2190,False
fm_8425,tm_4517,False
fm_16458,tm_9547,False
fm_6361,tm_8763,False
fm_15723,tm_7784,False
fm_13899,tm_10191,False
fm_8326,tm_6406,False
fm_17949,tm_8849,False
fm_4379,tm_7322,False
fm_10347,tm_9503,False
fm_10452,tm_2241,False
fm_10845,tm_5690,False
fm_7973,tm_3364,False
fm_17387,tm_8225,False
fm_12533,tm_3898,False
fm_3543,tm_1240,False
fm_4314,tm_8563,False
fm_3973,tm_10136,False
fm_18286,tm_9508,False
fm_8126,tm_9163,False
fm_8136,tm_6290,False
fm_1003,tm_2139,True
fm_7057,tm_5780,False
fm_11351,tm_7157,True
fm_13959,tm_10005,False
fm_9509,tm_4712,True
fm_7113,tm_8137,False
fm_17989,tm_1658,False
fm_8107,tm_8985,False
fm_14379,tm_6809,True
fm_15631,tm_9295,True
fm_6896,tm_8902,True
fm_9768,tm_4731,False
fm_6766,tm_8648,False
fm_17821,tm_2131,False
fm_4710,tm_10735,False
fm_17174,tm_7876,False
fm_1733,tm_10198,False
fm_12342,tm_9874,True
fm_4545,tm_1135,False
fm_5870,tm_4165,False
fm_2023,tm_4666,False
fm_9940,tm_2237,False
fm_3534,tm_10850,True
fm_12769,tm_4717,False
fm_14212,tm_6731,False
fm_12071,tm_10066,False
fm_12242,tm_7032,False
fm_4214,tm_8780,False
fm_14356,tm_6589,True
fm_15852,tm_9469,False
fm_12465,tm_3653,False
fm_10801,tm_3018,False
fm_18117,tm_6912,False
fm_10652,tm_10853,False
fm_7803,tm_4649,False
fm_15362,tm_4707,False
fm_13053,tm_7263,False
fm_9195,tm_8640,False
fm_17344,tm_1766,False
fm_3751,tm_10671,True
fm_1424,tm_1250,True
fm_1431,tm_1501,True
fm_17933,tm_9570,False
fm_3927,tm_4021,False
fm_5822,tm_2063,False
fm_17953,tm_8352,False
fm_2002,tm_4147,True
fm_18353,tm_1204,False
fm_10604,tm_2991,False
fm_16995,tm_1025,False
fm_7277,tm_1336,False
fm_13493,tm_5286,False
fm_5848,tm_6833,False
fm_14506,tm_6615,False
fm_3319,tm_7851,True
fm_10458,tm_3128,False
fm_12840,tm_10208,False
fm_5660,tm_2175,False
fm_12609,tm_7480,True
fm_12573,tm_9719,False
fm_8007,tm_5900,False
fm_6990,tm_5381,True
fm_10750,tm_3116,False
fm_2056,tm_2482,True
fm_14257,tm_4939,False
fm_15835,tm_8459,True
fm_8035,tm_9544,False
fm_17874,tm_8472,False
fm_8765,tm_2706,False
fm_9908,tm_5996,False
fm_17526,tm_8228,False
fm_12379,tm_1579,False
fm_9703,tm_8953,False
fm_7220,tm_8985,False
fm_12524,tm_4018,False
fm_6761,tm_9414,False
fm_2350,tm_1745,False
fm_5004,tm_3769,False
fm_10393,tm_2974,False
fm_9291,tm_7533,False
fm_7351,tm_9140,False
fm_11224,tm_2323,False
fm_16414,tm_9243,False
fm_7831,tm_8902,False
fm_8202,tm_8866,False
fm_14948,tm_6850,False
fm_11384,tm_7033,True
fm_4429,tm_4568,False
fm_8112,tm_3943,False
fm_11425,tm_3249,False
fm_18233,tm_5123,False
fm_10990,tm_3089,False
fm_3095,tm_2802,True
fm_15338,tm_9495,True
fm_18393,tm_7817,False
fm_3928,tm_4656,False
fm_16408,tm_8520,True
fm_15702,tm_5925,True
fm_13313,tm_10113,False
fm_11868,tm_9962,True
fm_13776,tm_8958,False
fm_4445,tm_4987,False
fm_6933,tm_6323,True
fm_12841,tm_8295,False
fm_10842,tm_2891,False
fm_11546,tm_6064,True
fm_18109,tm_7427,False
fm_8268,tm_9131,False
fm_17799,tm_3943,False
fm_14752,tm_6936,True
fm_9209,tm_8890,False
fm_6610,tm_8935,True
fm_16641,tm_5467,False
fm_16332,tm_9413,False
fm_4290,tm_3415,False
fm_11670,tm_8829,False
fm_12952,tm_5604,False
fm_5373,tm_5551,False
fm_13187,tm_1605,False
fm_12364,tm_1199,False
fm_10679,tm_3181,False
fm_13905,tm_10050,False
fm_16225,tm_1515,True
fm_17366,tm_2376,False
fm_6942,tm_8644,True
fm_11567,tm_7408,False
fm_8623,tm_9158,False
fm_7842,tm_9073,False
fm_7690,tm_7772,False
fm_15711,tm_5150,False
fm_9440,tm_4509,True
fm_9763,tm_4430,True
fm_13542,tm_9799,False
fm_9910,tm_4651,False
fm_15772,tm_6818,False
fm_16264,tm_5909,True
fm_8363,tm_7341,False
fm_4402,tm_2111,False
fm_8660,tm_4861,False
fm_16971,tm_7110,False
fm_17725,tm_4065,False
fm_10957,tm_8105,False
fm_5973,tm_4719,False
fm_12912,tm_10041,False
fm_1019,tm_4090,False
fm_3885,tm_5623,False
fm_2429,tm_6728,False
fm_12630,tm_7193,False
fm_9950,tm_4862,False
fm_6035,tm_5858,False
fm_10303,tm_3346,False
fm_3006,tm_10764,False
fm_2315,tm_7730,True
fm_15492,tm_4257,False
fm_5344,tm_4393,False
fm_2730,tm_4280,False
fm_8205,tm_6283,False
fm_15569,tm_5022,True
fm_16692,tm_3967,False
fm_14223,tm_7201,True
fm_4013,tm_5464,False
fm_15998,tm_5439,False
fm_8336,tm_4170,False
fm_10925,tm_8090,False
fm_9280,tm_6396,False
